CUSTNAME,CUSTPHNO,CUSTMAIL
Maxine Webb,7828529930,Maxine.Webb@abc.com
Lorenzo Terry,4596835170,Lorenzo.Terry@abc.com
Wren Duran,6308609506,Wren.Duran@abc.com
Ismael Bush,9098706497,Ismael.Bush@abc.com
Everlee Pierce,9723711194,Everlee.Pierce@abc.com
Nicolas Gaines,4268959838,Nicolas.Gaines@abc.com
Aya Dalton,3172035959,Aya.Dalton@abc.com
Fletcher Cline,7135141979,Fletcher.Cline@abc.com
Lina McFarland,4203058421,Lina.McFarland@abc.com
Dane Hubbard,5799934992,Dane.Hubbard@abc.com
Rosie Horton,6885527142,Rosie.Horton@abc.com
Garrett Molina,5464940300,Garrett.Molina@abc.com
Alexandria Solomon,8499983304,Alexandria.Solomon@abc.com
Musa Molina,8287083596,Musa.Molina@abc.com
Alexandria Hardin,5109666068,Alexandria.Hardin@abc.com
Hassan Douglas,4417569860,Hassan.Douglas@abc.com
Aniyah Lynn,3228591735,Aniyah.Lynn@abc.com
Zechariah Tyler,7443801166,Zechariah.Tyler@abc.com
Helena Bullock,5238777895,Helena.Bullock@abc.com
Ben Montgomery,3155299141,Ben.Montgomery@abc.com
Evangeline Liu,2243804503,Evangeline.Liu@abc.com
Pedro Gardner,4129375418,Pedro.Gardner@abc.com
Jordyn Gaines,9146016098,Jordyn.Gaines@abc.com
Talon Carson,3292155135,Talon.Carson@abc.com
Nalani Sherman,7105328862,Nalani.Sherman@abc.com
Adan Shelton,6385596601,Adan.Shelton@abc.com
Makenzie Harrington,2899537909,Makenzie.Harrington@abc.com
Omari Mendez,4194437143,Omari.Mendez@abc.com
Londyn Kim,5952365754,Londyn.Kim@abc.com
Roman Hodge,9462224352,Roman.Hodge@abc.com
Coraline King,6049193429,Coraline.King@abc.com
Julian Leon,7136790266,Julian.Leon@abc.com
Amora Parra,3666870947,Amora.Parra@abc.com
Davion Dillon,4046237115,Davion.Dillon@abc.com
Laurel Lynch,6606061958,Laurel.Lynch@abc.com
Zane Bridges,9268998363,Zane.Bridges@abc.com
Elora Ray,5604149498,Elora.Ray@abc.com
Arlo Jefferson,5279228234,Arlo.Jefferson@abc.com
Julieta Estes,5533464304,Julieta.Estes@abc.com
Hakeem Chan,9486408841,Hakeem.Chan@abc.com
Hattie Ventura,3715432005,Hattie.Ventura@abc.com
Branson Alexander,9007995695,Branson.Alexander@abc.com
Lyla McMahon,8559868249,Lyla.McMahon@abc.com
Jakob Barton,5768380764,Jakob.Barton@abc.com
Danna Russo,9648029763,Danna.Russo@abc.com
Jamie Washington,6702106215,Jamie.Washington@abc.com
Valerie Xiong,9928921191,Valerie.Xiong@abc.com
Azrael Colon,2939371051,Azrael.Colon@abc.com
Remy Rivers,6182597590,Remy.Rivers@abc.com
Bear Gentry,8732852958,Bear.Gentry@abc.com
Amelie Henderson,2159760174,Amelie.Henderson@abc.com
Beau Parker,3686023143,Beau.Parker@abc.com
Aubrey Jenkins,2358369319,Aubrey.Jenkins@abc.com
Declan Robles,8729234918,Declan.Robles@abc.com
Felicity Mullins,2678486861,Felicity.Mullins@abc.com
Allen Hicks,5603849328,Allen.Hicks@abc.com
Alina Barnett,8464644467,Alina.Barnett@abc.com
Stephen Miles,3216332738,Stephen.Miles@abc.com
Alessandra Raymond,8877799327,Alessandra.Raymond@abc.com
Maurice Bryant,2012453600,Maurice.Bryant@abc.com
Parker Dillon,4206324498,Parker.Dillon@abc.com
Alvin Simon,2385578240,Alvin.Simon@abc.com
Kalani Reyna,9367367422,Kalani.Reyna@abc.com
Reginald Quintero,4784240119,Reginald.Quintero@abc.com
Keyla Beard,9308005171,Keyla.Beard@abc.com
Nathanael Taylor,4305407202,Nathanael.Taylor@abc.com
Sofia Byrd,9444523493,Sofia.Byrd@abc.com
Cristian Velez,6916990815,Cristian.Velez@abc.com
Megan Higgins,4244681252,Megan.Higgins@abc.com
Sterling Atkinson,4757328571,Sterling.Atkinson@abc.com
Jazmin Chapman,9066634241,Jazmin.Chapman@abc.com
Knox Hester,9474964795,Knox.Hester@abc.com
Zendaya Nicholson,7843774786,Zendaya.Nicholson@abc.com
Rodrigo Burton,5815488557,Rodrigo.Burton@abc.com
Miriam Barr,7242595820,Miriam.Barr@abc.com
Harley Harrington,4754649872,Harley.Harrington@abc.com
Legacy Bentley,5268535465,Legacy.Bentley@abc.com
Randy Jennings,8788564291,Randy.Jennings@abc.com
Palmer Blackwell,8237868431,Palmer.Blackwell@abc.com
Marcellus Neal,5354155459,Marcellus.Neal@abc.com
Talia Acosta,3805736005,Talia.Acosta@abc.com
Jensen Reyna,3073345789,Jensen.Reyna@abc.com
Luella Golden,7736984082,Luella.Golden@abc.com
Amias Foster,3702497330,Amias.Foster@abc.com
Brielle O’Connell,6794567919,Brielle.O’Connell@abc.com
Jovanni Bartlett,4647508067,Jovanni.Bartlett@abc.com
Aubrielle Kaur,8612321553,Aubrielle.Kaur@abc.com
Augustine Golden,6284380017,Augustine.Golden@abc.com
Giuliana Guerrero,6362462098,Giuliana.Guerrero@abc.com
Bryce Kramer,2736844205,Bryce.Kramer@abc.com
Hanna Mathews,4708690060,Hanna.Mathews@abc.com
Jamir James,6497016550,Jamir.James@abc.com
Quinn Archer,5082912294,Quinn.Archer@abc.com
Ephraim Love,2702793418,Ephraim.Love@abc.com
Avianna Maldonado,3236961301,Avianna.Maldonado@abc.com
Javier Arias,4699835918,Javier.Arias@abc.com
Aleah Marquez,8432079214,Aleah.Marquez@abc.com
Malakai Hardin,8015640574,Malakai.Hardin@abc.com
Vada Velasquez,8626679773,Vada.Velasquez@abc.com
Sullivan Jacobson,3268939902,Sullivan.Jacobson@abc.com
Royal Olsen,3545357468,Royal.Olsen@abc.com
Skyler Webster,9653024299,Skyler.Webster@abc.com
Kensley Reeves,3429831653,Kensley.Reeves@abc.com
Clark Graves,3648088856,Clark.Graves@abc.com
Elle Warren,2902378898,Elle.Warren@abc.com
Abel Esparza,3804847673,Abel.Esparza@abc.com
Ramona Roy,5245073490,Ramona.Roy@abc.com
Marcelo Graham,6304549021,Marcelo.Graham@abc.com
Alaia Kirby,5603277539,Alaia.Kirby@abc.com
Tony Warner,9017257167,Tony.Warner@abc.com
Wynter Ramsey,7828137376,Wynter.Ramsey@abc.com
Luciano Stevens,2949882884,Luciano.Stevens@abc.com
Katherine Pacheco,9135119052,Katherine.Pacheco@abc.com
Erik Perkins,9606716037,Erik.Perkins@abc.com
Sage Doyle,6264572021,Sage.Doyle@abc.com
Kashton Colon,5868657848,Kashton.Colon@abc.com
Remy Gregory,5652672873,Remy.Gregory@abc.com
Travis Edwards,3922382549,Travis.Edwards@abc.com
Ivy Vang,7462992775,Ivy.Vang@abc.com
Jimmy Ross,2972576139,Jimmy.Ross@abc.com
Peyton Stout,8067848061,Peyton.Stout@abc.com
Callahan Sawyer,8843616202,Callahan.Sawyer@abc.com
Marina Spence,4095769484,Marina.Spence@abc.com
Cillian Peck,5988887518,Cillian.Peck@abc.com
Crystal Mata,4546342091,Crystal.Mata@abc.com
Ray McCarty,6046883288,Ray.McCarty@abc.com
Halo Krueger,2278780301,Halo.Krueger@abc.com
Jones Novak,8958680842,Jones.Novak@abc.com
Kaiya Flowers,8952646874,Kaiya.Flowers@abc.com
Saul Parks,7646718654,Saul.Parks@abc.com
Ainsley Lee,4648646748,Ainsley.Lee@abc.com
Jack Welch,9785036978,Jack.Welch@abc.com
Amira McKee,8816079690,Amira.McKee@abc.com
Bjorn Callahan,2425169442,Bjorn.Callahan@abc.com
Kimber Orozco,4807883925,Kimber.Orozco@abc.com
Keanu Bryan,6297093051,Keanu.Bryan@abc.com
Meredith Davidson,3555594894,Meredith.Davidson@abc.com
Dante Hicks,6539196913,Dante.Hicks@abc.com
Alina Fernandez,2354875979,Alina.Fernandez@abc.com
Bentley Novak,2879233096,Bentley.Novak@abc.com
Kaiya Duarte,2176137237,Kaiya.Duarte@abc.com
Abdullah Tran,4629725807,Abdullah.Tran@abc.com
Kylie Enriquez,3473548596,Kylie.Enriquez@abc.com
Elisha Peterson,2882615211,Elisha.Peterson@abc.com
Caroline Russo,8216265599,Caroline.Russo@abc.com
Jamie Aguilar,7833898358,Jamie.Aguilar@abc.com
Josie Woodard,7713354715,Josie.Woodard@abc.com
Westley Cox,4458526648,Westley.Cox@abc.com
Sadie Esparza,8525454757,Sadie.Esparza@abc.com
Carl Cochran,6265989623,Carl.Cochran@abc.com
Alma Gates,6516570323,Alma.Gates@abc.com
Ermias Pearson,2783561338,Ermias.Pearson@abc.com
Kiara Clarke,8855647390,Kiara.Clarke@abc.com
Stetson Alfaro,9605803441,Stetson.Alfaro@abc.com
Yasmin Peters,5139236834,Yasmin.Peters@abc.com
Patrick Price,8624463236,Patrick.Price@abc.com
Piper Valenzuela,7906550244,Piper.Valenzuela@abc.com
Jamari Pierce,7915463953,Jamari.Pierce@abc.com
Arabella Gallagher,3273954914,Arabella.Gallagher@abc.com
Marcos Ryan,9966386543,Marcos.Ryan@abc.com
Morgan Poole,3098677774,Morgan.Poole@abc.com
Quincy Benson,9307920044,Quincy.Benson@abc.com
Collins Moses,5608515927,Collins.Moses@abc.com
Niklaus Vega,4516609442,Niklaus.Vega@abc.com
Dakota Fisher,7215869764,Dakota.Fisher@abc.com
Gael Wolfe,5198540654,Gael.Wolfe@abc.com
Hallie McClain,5332565281,Hallie.McClain@abc.com
Mitchell Flowers,7676348181,Mitchell.Flowers@abc.com
Ariya O’Connor,7316941111,Ariya.O’Connor@abc.com
Princeton Calhoun,6755500266,Princeton.Calhoun@abc.com
Thalia Bridges,5565937199,Thalia.Bridges@abc.com
Mohammed Diaz,3713699266,Mohammed.Diaz@abc.com
Elena Crawford,8523507336,Elena.Crawford@abc.com
Kevin Saunders,6199003646,Kevin.Saunders@abc.com
Meadow Roach,5407208775,Meadow.Roach@abc.com
Caspian Bowers,2416529359,Caspian.Bowers@abc.com
Elisa Gregory,3955294944,Elisa.Gregory@abc.com
Travis Mitchell,8863549378,Travis.Mitchell@abc.com
Willow Bailey,9784317111,Willow.Bailey@abc.com
Axel Ho,7996972655,Axel.Ho@abc.com
Calliope Hogan,4929184961,Calliope.Hogan@abc.com
Sonny Wolfe,5126208966,Sonny.Wolfe@abc.com
Hallie Day,3235107136,Hallie.Day@abc.com
Kayson Barron,4174232900,Kayson.Barron@abc.com
Anya Dunn,5132689995,Anya.Dunn@abc.com
Dawson Hall,3646135781,Dawson.Hall@abc.com
Leah Foley,8853764224,Leah.Foley@abc.com
Mohammad Xiong,3644217598,Mohammad.Xiong@abc.com
Amayah Yates,8659717166,Amayah.Yates@abc.com
Braylon Silva,3014563799,Braylon.Silva@abc.com
Lucia Pruitt,6486777475,Lucia.Pruitt@abc.com
Gatlin Burgess,5692561048,Gatlin.Burgess@abc.com
Emory Kim,3265968718,Emory.Kim@abc.com
Roman Curtis,3358892421,Roman.Curtis@abc.com
Alexis Greer,8084810210,Alexis.Greer@abc.com
Koda Nixon,5425594878,Koda.Nixon@abc.com
Deborah McGee,9527535635,Deborah.McGee@abc.com
Conner Holmes,6993035156,Conner.Holmes@abc.com
Bailey Costa,6772016352,Bailey.Costa@abc.com
Kenji Patton,7658276279,Kenji.Patton@abc.com
Lorelei Wise,4038486760,Lorelei.Wise@abc.com
Frederick Ayers,4199607670,Frederick.Ayers@abc.com
Simone Gill,2074718066,Simone.Gill@abc.com
Matthias Rubio,2398181640,Matthias.Rubio@abc.com
Hadassah Trevino,7729234339,Hadassah.Trevino@abc.com
Jaime McMillan,8893204190,Jaime.McMillan@abc.com
Oakleigh Stokes,3159096100,Oakleigh.Stokes@abc.com
Santana Blackburn,5046807420,Santana.Blackburn@abc.com
Frida Norris,9597845802,Frida.Norris@abc.com
Cairo Dean,5017915931,Cairo.Dean@abc.com
Julianna Rice,6839506740,Julianna.Rice@abc.com
Graham Melendez,7148856432,Graham.Melendez@abc.com
Bethany Esparza,6432168708,Bethany.Esparza@abc.com
Carl Wood,7816663961,Carl.Wood@abc.com
Natalia Odom,2587527063,Natalia.Odom@abc.com
Kylian Tyler,6995653037,Kylian.Tyler@abc.com
Helena Hayes,8669476712,Helena.Hayes@abc.com
Legend Parsons,5347095608,Legend.Parsons@abc.com
Maia Sanford,2273911819,Maia.Sanford@abc.com
Truett Dodson,2846154038,Truett.Dodson@abc.com
Etta Ellis,9182080008,Etta.Ellis@abc.com
Cole Wyatt,4006993032,Cole.Wyatt@abc.com
Liberty Williamson,2869143174,Liberty.Williamson@abc.com
Emerson Bender,4236972437,Emerson.Bender@abc.com
Lilyana Weaver,5465655348,Lilyana.Weaver@abc.com
Tucker Newton,4637606063,Tucker.Newton@abc.com
Braelynn Norton,2269728353,Braelynn.Norton@abc.com
Callen Cohen,7392664110,Callen.Cohen@abc.com
Destiny Decker,3363287303,Destiny.Decker@abc.com
Taylor Bishop,3506143846,Taylor.Bishop@abc.com
Brooklynn Moyer,2939740856,Brooklynn.Moyer@abc.com
Ahmir Moss,7426990264,Ahmir.Moss@abc.com
Bianca Frost,3335009309,Bianca.Frost@abc.com
Dario Quintana,9069469759,Dario.Quintana@abc.com
Kenia Leonard,7608383368,Kenia.Leonard@abc.com
Ricardo Chandler,3748433484,Ricardo.Chandler@abc.com
Viviana Hines,8183029272,Viviana.Hines@abc.com
Uriel Matthews,6727726160,Uriel.Matthews@abc.com
Lila Figueroa,9228094843,Lila.Figueroa@abc.com
Spencer Rubio,8973394506,Spencer.Rubio@abc.com
Hadassah Houston,2984278159,Hadassah.Houston@abc.com
Sylas Schaefer,8928509941,Sylas.Schaefer@abc.com
Mavis Zimmerman,6103307545,Mavis.Zimmerman@abc.com
Sergio Norris,9112775197,Sergio.Norris@abc.com
Arielle Zuniga,6032926302,Arielle.Zuniga@abc.com
Sincere Schmitt,6726593159,Sincere.Schmitt@abc.com
Queen Escobar,3384831977,Queen.Escobar@abc.com
Zachariah Camacho,7405046954,Zachariah.Camacho@abc.com
Armani Hutchinson,8814272403,Armani.Hutchinson@abc.com
Korbin Chen,7163659052,Korbin.Chen@abc.com
Valeria Walls,5599380181,Valeria.Walls@abc.com
Larry Solomon,8194594577,Larry.Solomon@abc.com
Mylah Preston,9839945487,Mylah.Preston@abc.com
Vincenzo Aguirre,3639365813,Vincenzo.Aguirre@abc.com
Ariah Beard,4046177121,Ariah.Beard@abc.com
Nathanael Wolf,7824100934,Nathanael.Wolf@abc.com
Jolene Pugh,7716499404,Jolene.Pugh@abc.com
Judson Allen,8765964472,Judson.Allen@abc.com
Riley Malone,7564567262,Riley.Malone@abc.com
Ruben Sanders,3284793015,Ruben.Sanders@abc.com
Everleigh Stevenson,9983080159,Everleigh.Stevenson@abc.com
Callan Daniel,3613874698,Callan.Daniel@abc.com
Joy Griffin,5619846651,Joy.Griffin@abc.com
Ayden Taylor,6464627653,Ayden.Taylor@abc.com
Sofia Rosas,8932605043,Sofia.Rosas@abc.com
Remi Hood,7934764967,Remi.Hood@abc.com
Briana Reese,8867870037,Briana.Reese@abc.com
Alijah Herman,2379541268,Alijah.Herman@abc.com
Paulina Shelton,9833070048,Paulina.Shelton@abc.com
Leonel Pugh,9604399520,Leonel.Pugh@abc.com
Landry Washington,4963070342,Landry.Washington@abc.com
Juan Salazar,2579831754,Juan.Salazar@abc.com
Freya Stevens,5928166708,Freya.Stevens@abc.com
Zachary Alfaro,7692068136,Zachary.Alfaro@abc.com
Yasmin Hardy,3736336008,Yasmin.Hardy@abc.com
Jayceon Salinas,4058749013,Jayceon.Salinas@abc.com
Royalty Pruitt,3543391737,Royalty.Pruitt@abc.com
Gatlin Navarro,4388106211,Gatlin.Navarro@abc.com
Winter Spencer,4013108894,Winter.Spencer@abc.com
Ace Robertson,6444193882,Ace.Robertson@abc.com
Harmony Wood,6603332514,Harmony.Wood@abc.com
Carson Duffy,6047184843,Carson.Duffy@abc.com
Addisyn Morton,7705792202,Addisyn.Morton@abc.com
Roland Zimmerman,3168645885,Roland.Zimmerman@abc.com
Ariyah Lin,2107801828,Ariyah.Lin@abc.com
Conor Carlson,7859861781,Conor.Carlson@abc.com
Kali Harris,7614348430,Kali.Harris@abc.com
Samuel Edwards,3662731425,Samuel.Edwards@abc.com
Ivy Shelton,9704979014,Ivy.Shelton@abc.com
Leonel Randall,2453704382,Leonel.Randall@abc.com
Christina Faulkner,3848735413,Christina.Faulkner@abc.com
Jabari Shepard,8564271301,Jabari.Shepard@abc.com
Noor Stephens,8189230722,Noor.Stephens@abc.com
Messiah Peralta,7634412292,Messiah.Peralta@abc.com
Malayah Alexander,8495138501,Malayah.Alexander@abc.com
Kingston Mills,3349017581,Kingston.Mills@abc.com
June Ware,4045842984,June.Ware@abc.com
Tadeo Mills,7275108710,Tadeo.Mills@abc.com
June Garcia,4948105808,June.Garcia@abc.com
James Hamilton,6803746292,James.Hamilton@abc.com
Mackenzie Yoder,6996889527,Mackenzie.Yoder@abc.com
Johan Bradley,5776877927,Johan.Bradley@abc.com
Vanessa Newton,6629607466,Vanessa.Newton@abc.com
Santino Stafford,4058990887,Santino.Stafford@abc.com
Bridget Hardin,5002073400,Bridget.Hardin@abc.com
Hassan Peters,2076591615,Hassan.Peters@abc.com
Leila Snow,9803881590,Leila.Snow@abc.com
Houston McCullough,8894384511,Houston.McCullough@abc.com
Hana Jacobs,6246268722,Hana.Jacobs@abc.com
Bryan Jacobs,7607156954,Bryan.Jacobs@abc.com
Camilla Lopez,3719441819,Camilla.Lopez@abc.com
Michael Herman,3722264422,Michael.Herman@abc.com
Paulina Goodman,6465584293,Paulina.Goodman@abc.com
Philip Hawkins,4095353101,Philip.Hawkins@abc.com
Ariel Sanchez,4986832460,Ariel.Sanchez@abc.com
Joseph Pacheco,8522974650,Joseph.Pacheco@abc.com
Paris Giles,5025612800,Paris.Giles@abc.com
Kole Reed,9626529424,Kole.Reed@abc.com
Valentina Whitaker,4358743957,Valentina.Whitaker@abc.com
Keith Davis,3013801734,Keith.Davis@abc.com
Mia Moss,4666038693,Mia.Moss@abc.com
Porter Rangel,6148592301,Porter.Rangel@abc.com
Gloria Zimmerman,8878310248,Gloria.Zimmerman@abc.com
Sergio Johnston,9686317634,Sergio.Johnston@abc.com
Laila Jacobson,4782255895,Laila.Jacobson@abc.com
Legacy Frazier,2865958193,Legacy.Frazier@abc.com
Octavia Stout,8563553208,Octavia.Stout@abc.com
Callahan McDowell,3894531232,Callahan.McDowell@abc.com
Rayna Weiss,6955117260,Rayna.Weiss@abc.com
Koa Morse,3322352828,Koa.Morse@abc.com
Kairi Gates,6523127994,Kairi.Gates@abc.com
Ermias Morse,6052984092,Ermias.Morse@abc.com
Kairi Archer,7775856863,Kairi.Archer@abc.com
Ephraim Vaughn,8658317886,Ephraim.Vaughn@abc.com
Reign Chan,4239374280,Reign.Chan@abc.com
Frank Bass,7695871065,Frank.Bass@abc.com
Zahra Clayton,7803860692,Zahra.Clayton@abc.com
Boston Zamora,2332719809,Boston.Zamora@abc.com
Sierra Strickland,7646104200,Sierra.Strickland@abc.com
Keegan Ross,9166336923,Keegan.Ross@abc.com
Peyton Webster,7719212073,Peyton.Webster@abc.com
Shawn Villegas,4962551353,Shawn.Villegas@abc.com
Jessie Small,5815492914,Jessie.Small@abc.com
Rudy Vance,3956640896,Rudy.Vance@abc.com
Maxine Hail,2365706164,Maxine.Hail@abc.com
Hector Hail,5906538504,Hector.Hail@abc.com
Lainey Peters,4338069427,Lainey.Peters@abc.com
Patrick Rosario,7202363248,Patrick.Rosario@abc.com
Louisa Estes,8224754459,Louisa.Estes@abc.com
Hakeem Smith,9649257353,Hakeem.Smith@abc.com
Olivia Richard,5117667629,Olivia.Richard@abc.com
Ahmed Henderson,4879907420,Ahmed.Henderson@abc.com
Maria Drake,4393414189,Maria.Drake@abc.com
Jalen Mullins,8728073989,Jalen.Mullins@abc.com
Maliyah Petersen,5865970964,Maliyah.Petersen@abc.com
Samson Le,5403649098,Samson.Le@abc.com
Myla Farmer,9475742641,Myla.Farmer@abc.com
Jamison Duran,3507322095,Jamison.Duran@abc.com
Willa Hull,3386728714,Willa.Hull@abc.com
Salem Leonard,2602096294,Salem.Leonard@abc.com
Demi Meyer,9132831510,Demi.Meyer@abc.com
Tristan Tran,4818046528,Tristan.Tran@abc.com
Kylie Richardson,9247717940,Kylie.Richardson@abc.com
Robert Cannon,8986154780,Robert.Cannon@abc.com
Noa Merritt,9679646095,Noa.Merritt@abc.com
Colten Mitchell,8404759704,Colten.Mitchell@abc.com
Willow Spence,5144087811,Willow.Spence@abc.com
Cillian Abbott,2427850580,Cillian.Abbott@abc.com
Melany Bailey,2444089914,Melany.Bailey@abc.com
Axel Andrade,2772393638,Axel.Andrade@abc.com
Emmy Jimenez,3635381285,Emmy.Jimenez@abc.com
Silas Black,9414834120,Silas.Black@abc.com
Molly Compton,9862649785,Molly.Compton@abc.com
Abner George,3239607174,Abner.George@abc.com
Adelyn Castillo,7438972090,Adelyn.Castillo@abc.com
Kai Gross,9356418319,Kai.Gross@abc.com
Angel Byrd,9352638893,Angel.Byrd@abc.com
Cristian Hood,7979549924,Cristian.Hood@abc.com
Briana Duffy,7096071332,Briana.Duffy@abc.com
Kyng Payne,9618746398,Kyng.Payne@abc.com
London Larsen,2419668111,London.Larsen@abc.com
Brycen Myers,9859131871,Brycen.Myers@abc.com
Lydia Kirk,3594293557,Lydia.Kirk@abc.com
Alessandro Barrett,7209496425,Alessandro.Barrett@abc.com
Kendall Martin,7907316814,Kendall.Martin@abc.com
Mateo Dyer,9022030224,Mateo.Dyer@abc.com
Estrella Mason,4417801272,Estrella.Mason@abc.com
Brandon Williamson,8883680671,Brandon.Williamson@abc.com
Catherine Day,7702761512,Catherine.Day@abc.com
Kayson Fitzpatrick,3847093296,Kayson.Fitzpatrick@abc.com
Annabella Shah,8285454211,Annabella.Shah@abc.com
Zain Wyatt,9152677798,Zain.Wyatt@abc.com
Liberty Vang,7248938539,Liberty.Vang@abc.com
Jimmy Monroe,5988720202,Jimmy.Monroe@abc.com
Carly O’Donnell,3575803394,Carly.O’Donnell@abc.com
Lian Bowen,9433229763,Lian.Bowen@abc.com
Dream Miles,6136963302,Dream.Miles@abc.com
Jared Carr,2195052615,Jared.Carr@abc.com
Rowan McMahon,4406009988,Rowan.McMahon@abc.com
Jakob Guerrero,5259598759,Jakob.Guerrero@abc.com
Margot Bartlett,5147453780,Margot.Bartlett@abc.com
Kace Pugh,7437530161,Kace.Pugh@abc.com
Landry Lloyd,4923799872,Landry.Lloyd@abc.com
Zaire Fletcher,9149972437,Zaire.Fletcher@abc.com
Anaya Bennett,2233641860,Anaya.Bennett@abc.com
Leonardo Snow,3335169089,Leonardo.Snow@abc.com
Alexia Evans,4282910186,Alexia.Evans@abc.com
Elias Campos,8069871362,Elias.Campos@abc.com
Sutton Watkins,4164022240,Sutton.Watkins@abc.com
Nash Hodge,8374368787,Nash.Hodge@abc.com
Coraline Contreras,4828070654,Coraline.Contreras@abc.com
Emilio Jacobson,7927801590,Emilio.Jacobson@abc.com
Royal Carter,9688675905,Royal.Carter@abc.com
Maverick Madden,8073989246,Maverick.Madden@abc.com
Violette Frost,6205126525,Violette.Frost@abc.com
Dario Hines,4135520381,Dario.Hines@abc.com
Poppy Lyons,3718776519,Poppy.Lyons@abc.com
Cyrus Cross,4722765171,Cyrus.Cross@abc.com
Nayeli Kirby,8908819581,Nayeli.Kirby@abc.com
Tony Kirk,3374481414,Tony.Kirk@abc.com
Ellis Conway,9507086622,Ellis.Conway@abc.com
Orlando Crane,3836148198,Orlando.Crane@abc.com
Della Mullins,9295292133,Della.Mullins@abc.com
Allen Smith,5698345946,Allen.Smith@abc.com
Olivia Parrish,7687848089,Olivia.Parrish@abc.com
Karsyn Walter,4374992843,Karsyn.Walter@abc.com
Penny Zimmerman,9225304345,Penny.Zimmerman@abc.com
Sergio Kane,7682107286,Sergio.Kane@abc.com
Ellianna Jarvis,6856641284,Ellianna.Jarvis@abc.com
Marlon Martin,6438553862,Marlon.Martin@abc.com
Mila Macias,2449613647,Mila.Macias@abc.com
Moshe O’brien,6454825528,Moshe.O’brien@abc.com
Joanna Ray,5783827253,Joanna.Ray@abc.com
Arlo Villanueva,5302765051,Arlo.Villanueva@abc.com
Monroe Smith,3945953942,Monroe.Smith@abc.com
Liam Esparza,3933044590,Liam.Esparza@abc.com
Ramona Goodwin,3218824693,Ramona.Goodwin@abc.com
Kaison Swanson,2896386673,Kaison.Swanson@abc.com
Helen Hughes,3494654666,Helen.Hughes@abc.com
Everett Hamilton,5665649911,Everett.Hamilton@abc.com
Mackenzie Schmitt,5543759879,Mackenzie.Schmitt@abc.com
Murphy Rubio,9124600954,Murphy.Rubio@abc.com
Hadassah Quintero,3359021435,Hadassah.Quintero@abc.com
Thatcher Payne,2718484397,Thatcher.Payne@abc.com
London Hurst,7733854491,London.Hurst@abc.com
Neil Pratt,3424857200,Neil.Pratt@abc.com
Ailani Li,3734165727,Ailani.Li@abc.com
Jorge Peck,2023967058,Jorge.Peck@abc.com
Crystal Valdez,9733926556,Crystal.Valdez@abc.com
Kyler Sheppard,8496497466,Kyler.Sheppard@abc.com
Veda Dunlap,6333462853,Veda.Dunlap@abc.com
Aries McKay,4177477057,Aries.McKay@abc.com
Leanna Fowler,4104859515,Leanna.Fowler@abc.com
Kameron Combs,8069961658,Kameron.Combs@abc.com
Irene Johnston,3116260178,Irene.Johnston@abc.com
Felix Novak,7726655523,Felix.Novak@abc.com
Kaiya Marks,6896872576,Kaiya.Marks@abc.com
Amos Walters,3203805911,Amos.Walters@abc.com
Samara Singh,8657599290,Samara.Singh@abc.com
Louis Warren,4989809691,Louis.Warren@abc.com
Sloane Lara,4689512428,Sloane.Lara@abc.com
Caiden Waters,6865769487,Caiden.Waters@abc.com
Bristol Fields,3098733424,Bristol.Fields@abc.com
Clayton Wheeler,3659536416,Clayton.Wheeler@abc.com
Sydney Cannon,4125584640,Sydney.Cannon@abc.com
Archie Carrillo,8869293510,Archie.Carrillo@abc.com
Kaylani Munoz,9016154518,Kaylani.Munoz@abc.com
Justin McCoy,5062781554,Justin.McCoy@abc.com
Mckenzie Dunn,9418983043,Mckenzie.Dunn@abc.com
Dawson Randolph,5873750105,Dawson.Randolph@abc.com
Kailey Massey,2573833930,Kailey.Massey@abc.com
Donald Hancock,4959991281,Donald.Hancock@abc.com
Katelyn Lang,9365660845,Katelyn.Lang@abc.com
Wells Berg,4939892722,Wells.Berg@abc.com
Emmalyn Hensley,9383998584,Emmalyn.Hensley@abc.com
Layne Ingram,6119636638,Layne.Ingram@abc.com
Katie Ponce,2912404634,Katie.Ponce@abc.com
Langston Cortes,4505023001,Langston.Cortes@abc.com
Lea Vargas,2756557183,Lea.Vargas@abc.com
Ryker Keller,9337501328,Ryker.Keller@abc.com
Logan Case,7042717414,Logan.Case@abc.com
Bentlee McIntyre,4522646646,Bentlee.McIntyre@abc.com
Rebekah Savage,9623523693,Rebekah.Savage@abc.com
Keaton Fox,4712257939,Keaton.Fox@abc.com
Juliette Caldwell,2183231503,Juliette.Caldwell@abc.com
Rylan Corona,6508315988,Rylan.Corona@abc.com
Marianna Lowery,7805485325,Marianna.Lowery@abc.com
Jaxxon Corona,3152497614,Jaxxon.Corona@abc.com
Marianna Cruz,9533517556,Marianna.Cruz@abc.com
Ryan Lindsey,9847002468,Ryan.Lindsey@abc.com
Colette Koch,9582941565,Colette.Koch@abc.com
Salvador Dawson,3107411685,Salvador.Dawson@abc.com
Veronica Tanner,8959707255,Veronica.Tanner@abc.com
Bruno Phan,4898677684,Bruno.Phan@abc.com
Elsa Berry,8682621469,Elsa.Berry@abc.com
Adonis Chapman,2978192603,Adonis.Chapman@abc.com
Zuri Kirby,8545477150,Zuri.Kirby@abc.com
Tony Blankenship,3523460826,Tony.Blankenship@abc.com
Rosalee McCarthy,6584538595,Rosalee.McCarthy@abc.com
Devin Henderson,7854870329,Devin.Henderson@abc.com
Maria Wong,5368797341,Maria.Wong@abc.com
Walter Page,8138684548,Walter.Page@abc.com
Cataleya Pierce,2203619585,Cataleya.Pierce@abc.com
Nicolas Burnett,7455207569,Nicolas.Burnett@abc.com
Emberly Orr,6646164404,Emberly.Orr@abc.com
Benicio Gibbs,8652783921,Benicio.Gibbs@abc.com
Carter Keith,7163074076,Carter.Keith@abc.com
Jagger Salgado,7476479249,Jagger.Salgado@abc.com
Avalynn Frazier,7729265420,Avalynn.Frazier@abc.com
Callum Villegas,3959116711,Callum.Villegas@abc.com
Jessie Kim,5287916467,Jessie.Kim@abc.com
Roman Roman,3367894927,Roman.Roman@abc.com
Astrid Harrington,7233351527,Astrid.Harrington@abc.com
Omari Swanson,9997890213,Omari.Swanson@abc.com
Helen Friedman,5745344785,Helen.Friedman@abc.com
Darwin Estes,3645805846,Darwin.Estes@abc.com
Brittany Bentley,8187391083,Brittany.Bentley@abc.com
Randy Fields,9246637885,Randy.Fields@abc.com
Annie Cantu,7155363335,Annie.Cantu@abc.com
Anakin Kirk,3358059039,Anakin.Kirk@abc.com
Ellis Jefferson,7566331588,Ellis.Jefferson@abc.com
Raylan Warner,9133790235,Raylan.Warner@abc.com
Wynter Carter,2012361219,Wynter.Carter@abc.com
Maverick Hickman,6533513912,Maverick.Hickman@abc.com
Scarlette McIntosh,6416413038,Scarlette.McIntosh@abc.com
Kristian Le,9544686461,Kristian.Le@abc.com
Myla Branch,6304156517,Myla.Branch@abc.com
Keenan Warren,3932712792,Keenan.Warren@abc.com
Sloane Meza,6923884292,Sloane.Meza@abc.com
Lucian Pruitt,3787153033,Lucian.Pruitt@abc.com
Brylee Atkins,6818575512,Brylee.Atkins@abc.com
Cason McGee,3134342291,Cason.McGee@abc.com
Kayleigh Turner,5774785265,Kayleigh.Turner@abc.com
Joshua Whitaker,3568372752,Joshua.Whitaker@abc.com
Ivanna Hartman,8443315602,Ivanna.Hartman@abc.com
Baker Dunlap,7255110234,Baker.Dunlap@abc.com
Iliana McDonald,5722801585,Iliana.McDonald@abc.com
Calvin McDaniel,5733458044,Calvin.McDaniel@abc.com
Dahlia Matthews,9653040430,Dahlia.Matthews@abc.com
Preston Phan,7994322936,Preston.Phan@abc.com
Elsa Bonilla,3034386389,Elsa.Bonilla@abc.com
Aden Dodson,4384866752,Aden.Dodson@abc.com
Etta Salazar,7707665277,Etta.Salazar@abc.com
Brody Lopez,9184629099,Brody.Lopez@abc.com
Gianna Espinoza,6142650612,Gianna.Espinoza@abc.com
Dallas Rasmussen,4976145334,Dallas.Rasmussen@abc.com
Esperanza Wilkerson,6074206238,Esperanza.Wilkerson@abc.com
Carmelo Allen,4439911948,Carmelo.Allen@abc.com
Riley Hardy,3172396929,Riley.Hardy@abc.com
Jayceon O’Connell,9939264655,Jayceon.O’Connell@abc.com
Jillian Koch,7786871567,Jillian.Koch@abc.com
Salvador Hinton,6536173334,Salvador.Hinton@abc.com
Jaelynn Simpson,8023313579,Jaelynn.Simpson@abc.com
Elliott Bernard,3859370841,Elliott.Bernard@abc.com
Barbara Logan,5353570184,Barbara.Logan@abc.com
Rocco Duran,7518586701,Rocco.Duran@abc.com
Willa Montgomery,3695539840,Willa.Montgomery@abc.com
Maximiliano McGuire,3255171938,Maximiliano.McGuire@abc.com
April McDonald,4465357288,April.McDonald@abc.com
Calvin Winters,9663295296,Calvin.Winters@abc.com
Kataleya Beard,2425294676,Kataleya.Beard@abc.com
Nathanael Ryan,7258823575,Nathanael.Ryan@abc.com
Morgan Peterson,5425135534,Morgan.Peterson@abc.com
Santiago Preston,3182404591,Santiago.Preston@abc.com
Indie Shepherd,6866235492,Indie.Shepherd@abc.com
Ronald Barnes,3552704051,Ronald.Barnes@abc.com
Liliana Boyer,4133883222,Liliana.Boyer@abc.com
Zeke Harvey,7492523050,Zeke.Harvey@abc.com
Nicole Guevara,7234600798,Nicole.Guevara@abc.com
Tommy Burton,5797847605,Tommy.Burton@abc.com
Miriam Mack,4375913758,Miriam.Mack@abc.com
Esteban Garner,7568397422,Esteban.Garner@abc.com
Jacqueline Davenport,7472040793,Jacqueline.Davenport@abc.com
Dariel Hartman,8802942167,Dariel.Hartman@abc.com
Kennedi Fitzgerald,9232228445,Kennedi.Fitzgerald@abc.com
Peyton Moore,6213244386,Peyton.Moore@abc.com
Emily McDowell,8087026801,Emily.McDowell@abc.com
Lachlan Keller,4202412522,Lachlan.Keller@abc.com
Logan Larsen,3399638466,Logan.Larsen@abc.com
Brycen McLaughlin,7629432117,Brycen.McLaughlin@abc.com
Stephanie Woodward,2198128776,Stephanie.Woodward@abc.com
Jeremias Mathews,7936689263,Jeremias.Mathews@abc.com
Sloan Yu,2714048478,Sloan.Yu@abc.com
Bryant Foley,6803674707,Bryant.Foley@abc.com
Zaylee Christian,4677586018,Zaylee.Christian@abc.com
Ledger Wagner,6843502409,Ledger.Wagner@abc.com
Maeve Hahn,7584559844,Maeve.Hahn@abc.com
Kabir Lu,6413856956,Kabir.Lu@abc.com
Emani Campbell,3443442046,Emani.Campbell@abc.com
Christopher Lester,7265736343,Christopher.Lester@abc.com
Averi Tate,3379858045,Averi.Tate@abc.com
Dalton Hammond,9887525499,Dalton.Hammond@abc.com
Holly Waters,6309428030,Holly.Waters@abc.com
Maximilian Lynch,9878164977,Maximilian.Lynch@abc.com
Malia Craig,7776151473,Malia.Craig@abc.com
Odin Morgan,6004877941,Odin.Morgan@abc.com
Delilah Brennan,2577572175,Delilah.Brennan@abc.com
Curtis Andrade,3424261019,Curtis.Andrade@abc.com
Emmy Roman,2122378979,Emmy.Roman@abc.com
Kian Frank,4355422058,Kian.Frank@abc.com
Dior Lambert,9577989289,Dior.Lambert@abc.com
Mario Quinn,3568332962,Mario.Quinn@abc.com
Heaven Wang,7274622741,Heaven.Wang@abc.com
Cohen Hobbs,8354700507,Cohen.Hobbs@abc.com
Lacey Odom,9936287158,Lacey.Odom@abc.com
Kylian Schaefer,6494525224,Kylian.Schaefer@abc.com
Mavis Prince,4324915494,Mavis.Prince@abc.com
Aron Mendez,6245339473,Aron.Mendez@abc.com
Londyn Hood,9042138922,Londyn.Hood@abc.com
Brixton Long,6793812804,Brixton.Long@abc.com
Jade Marks,2287834903,Jade.Marks@abc.com
Amos Duncan,4574962579,Amos.Duncan@abc.com
Elise Christensen,8173520168,Elise.Christensen@abc.com
Gregory Leal,7353793618,Gregory.Leal@abc.com
Murphy Frye,9933550165,Murphy.Frye@abc.com
Franco Delgado,5172360760,Franco.Delgado@abc.com
Alani McCullough,7832187277,Alani.McCullough@abc.com
Briar Welch,7582115460,Briar.Welch@abc.com
Amira Magana,4906797832,Amira.Magana@abc.com
Rey Melton,5726737878,Rey.Melton@abc.com
Kamiyah Rowland,5968366993,Kamiyah.Rowland@abc.com
Eliezer Hendricks,2405509577,Eliezer.Hendricks@abc.com
Dani Harrington,7425286989,Dani.Harrington@abc.com
Omari Villarreal,6775682254,Omari.Villarreal@abc.com
Jazlyn Callahan,3835419921,Jazlyn.Callahan@abc.com
Quinton Arnold,2122606283,Quinton.Arnold@abc.com
Finley Lowery,7752644811,Finley.Lowery@abc.com
Jaxxon Barron,6455757921,Jaxxon.Barron@abc.com
Anya Leon,3173812056,Anya.Leon@abc.com
Marshall Huynh,5136815686,Marshall.Huynh@abc.com
Oaklee Andrews,4856953958,Oaklee.Andrews@abc.com
Lukas Harris,3325165334,Lukas.Harris@abc.com
Penelope Wagner,6619998650,Penelope.Wagner@abc.com
Enzo Kelley,7467139855,Enzo.Kelley@abc.com
Rosalie Barry,6575050944,Rosalie.Barry@abc.com
Emery Sparks,5277651706,Emery.Sparks@abc.com
Aisha Crosby,2702632626,Aisha.Crosby@abc.com
Tristen Berg,9723703612,Tristen.Berg@abc.com
Emmalyn Rivers,5308766922,Emmalyn.Rivers@abc.com
Bear Parsons,3528672338,Bear.Parsons@abc.com
Maia Zhang,3464340621,Maia.Zhang@abc.com
Isaias Barr,4696046260,Isaias.Barr@abc.com
Noemi Schmidt,9223681819,Noemi.Schmidt@abc.com
Zayden Reilly,3406007700,Zayden.Reilly@abc.com
Tori Gallagher,5604757850,Tori.Gallagher@abc.com
Marcos Morris,9035310141,Marcos.Morris@abc.com
Genesis Logan,8493419700,Genesis.Logan@abc.com
Rocco Barry,7348060941,Rocco.Barry@abc.com
Waverly Duarte,2155740041,Waverly.Duarte@abc.com
Abdullah Lambert,2507156592,Abdullah.Lambert@abc.com
Nina Griffith,9018293754,Nina.Griffith@abc.com
Franklin Fleming,4406702870,Franklin.Fleming@abc.com
Fatima Rosales,6999631606,Fatima.Rosales@abc.com
Wilder Douglas,6024099384,Wilder.Douglas@abc.com
Aniyah Graham,8785818526,Aniyah.Graham@abc.com
Giovanni Best,4976510163,Giovanni.Best@abc.com
Lexie Willis,9849169149,Lexie.Willis@abc.com
Remington Cross,9704860273,Remington.Cross@abc.com
Nayeli Cervantes,6719527749,Nayeli.Cervantes@abc.com
Kamari Villanueva,8926133562,Kamari.Villanueva@abc.com
Monroe Middleton,2005084308,Monroe.Middleton@abc.com
Misael Rich,2308515344,Misael.Rich@abc.com
Sunny Kane,7695442969,Sunny.Kane@abc.com
Brock Hart,7573904402,Brock.Hart@abc.com
Gemma Reyna,6928275361,Gemma.Reyna@abc.com
Reginald McKay,3729373026,Reginald.McKay@abc.com
Leanna Bullock,5485335645,Leanna.Bullock@abc.com
Ben Erickson,7109061278,Ben.Erickson@abc.com
Sabrina Cannon,4966710800,Sabrina.Cannon@abc.com
Archie Cordova,7913812614,Archie.Cordova@abc.com
Florence Macdonald,2756910758,Florence.Macdonald@abc.com
Hugh Davidson,3326037683,Hugh.Davidson@abc.com
Jayla Mejia,7792420281,Jayla.Mejia@abc.com
Atticus Maddox,8214012119,Atticus.Maddox@abc.com
Zainab Hensley,2577789158,Zainab.Hensley@abc.com
Layne Roberts,8002591283,Layne.Roberts@abc.com
Paisley Dixon,5365654425,Paisley.Dixon@abc.com
Camden Lang,5579341544,Camden.Lang@abc.com
Amirah Owen,6382821450,Amirah.Owen@abc.com
Cannon Ballard,2043787682,Cannon.Ballard@abc.com
Alejandra Wilson,8903833080,Alejandra.Wilson@abc.com
Daniel Hart,3984925968,Daniel.Hart@abc.com
Gemma Henson,3137389373,Gemma.Henson@abc.com
Bellamy Goodwin,3277994797,Bellamy.Goodwin@abc.com
Shiloh Hines,6065012784,Shiloh.Hines@abc.com
Uriel Sosa,9438058990,Uriel.Sosa@abc.com
Cassandra Proctor,4412489827,Cassandra.Proctor@abc.com
Vance Morrow,9206833283,Vance.Morrow@abc.com
Reyna Bowen,2123192538,Reyna.Bowen@abc.com
Trevor Berg,8677238653,Trevor.Berg@abc.com
Emmalyn Larsen,2162126198,Emmalyn.Larsen@abc.com
Brycen Mejia,5568010769,Brycen.Mejia@abc.com
Saylor McDonald,5934037973,Saylor.McDonald@abc.com
Calvin Fletcher,9475701006,Calvin.Fletcher@abc.com
Anaya Sierra,4357113277,Anaya.Sierra@abc.com
Dayton Garcia,9872703062,Dayton.Garcia@abc.com
Amelia Mayer,7143259024,Amelia.Mayer@abc.com
Yahir Woodward,5257878078,Yahir.Woodward@abc.com
Drew Pennington,7762423367,Drew.Pennington@abc.com
Bobby Clements,7987786194,Bobby.Clements@abc.com
Cara Pacheco,7167941318,Cara.Pacheco@abc.com
Erik Pruitt,9955498241,Erik.Pruitt@abc.com
Brylee Bautista,7753961127,Brylee.Bautista@abc.com
Raul Dixon,2462040907,Raul.Dixon@abc.com
Blakely Stone,8344478583,Blakely.Stone@abc.com
Finn Reeves,8882450789,Finn.Reeves@abc.com
Lana Person,2958657552,Lana.Person@abc.com
Moses Holland,6989804266,Moses.Holland@abc.com
Mariah Watts,6105381415,Mariah.Watts@abc.com
Dakota Tanner,2246334444,Dakota.Tanner@abc.com
Harmoni McMillan,2514939640,Harmoni.McMillan@abc.com
Rocky Decker,6384586211,Rocky.Decker@abc.com
Aleena Carroll,6843989637,Aleena.Carroll@abc.com
Oscar Norton,9689044335,Oscar.Norton@abc.com
Kylee McMillan,4274341087,Kylee.McMillan@abc.com
Rocky Barker,8384461490,Rocky.Barker@abc.com
Remington Tran,9202502140,Remington.Tran@abc.com
Braxton Turner,5245794967,Braxton.Turner@abc.com
Brooklyn Boyer,7049463359,Brooklyn.Boyer@abc.com
Zeke Giles,9072386699,Zeke.Giles@abc.com
Bailee Rodgers,9559667133,Bailee.Rodgers@abc.com
Mathias Ortiz,3026534022,Mathias.Ortiz@abc.com
Anna Flynn,8372885126,Anna.Flynn@abc.com
Kannon Patton,6817292273,Kannon.Patton@abc.com
Lorelei Hayes,5612214705,Lorelei.Hayes@abc.com
Legend Hurst,6108488959,Legend.Hurst@abc.com
Adalee Moran,7214460474,Adalee.Moran@abc.com
Tate Alfaro,8499820865,Tate.Alfaro@abc.com
Yasmin Collins,5572659028,Yasmin.Collins@abc.com
Miles Dudley,2104371137,Miles.Dudley@abc.com
Hadleigh Avalos,2483401036,Hadleigh.Avalos@abc.com
Coen Walton,2456235358,Coen.Walton@abc.com
Scarlet Mathews,4859380843,Scarlet.Mathews@abc.com
Jamir Simmons,6203187014,Jamir.Simmons@abc.com
Reagan Bailey,7164266390,Reagan.Bailey@abc.com
Axel Fowler,5644743357,Axel.Fowler@abc.com
Lennon Adams,5167643894,Lennon.Adams@abc.com
Hudson Tate,5398170449,Hudson.Tate@abc.com
Skye Wells,3999847519,Skye.Wells@abc.com
Max Austin,5873857232,Max.Austin@abc.com
Alivia Hahn,3352925167,Alivia.Hahn@abc.com
Kabir Snow,2137585682,Kabir.Snow@abc.com
Alexia Lambert,8356843556,Alexia.Lambert@abc.com
Mario Woods,5692536124,Mario.Woods@abc.com
Reese Donaldson,2746134473,Reese.Donaldson@abc.com
Canaan Mejia,3312273989,Canaan.Mejia@abc.com
Saylor Morrow,8942194505,Saylor.Morrow@abc.com
Kyree Jackson,8538023538,Kyree.Jackson@abc.com
Avery Barr,2896622027,Avery.Barr@abc.com
Harley Farrell,8486021047,Harley.Farrell@abc.com
Kassidy Nava,5079186226,Kassidy.Nava@abc.com
Stefan Watkins,5395077443,Stefan.Watkins@abc.com
Lola Sandoval,6638205604,Lola.Sandoval@abc.com
Brantley Manning,6363473484,Brantley.Manning@abc.com
Jennifer Salazar,5139390672,Jennifer.Salazar@abc.com
Brody Patrick,4886505311,Brody.Patrick@abc.com
Lyra Rangel,2566440370,Lyra.Rangel@abc.com
Saint Quintero,2653662948,Saint.Quintero@abc.com
Keyla Lamb,4133382465,Keyla.Lamb@abc.com
Kaysen Peterson,3532395209,Kaysen.Peterson@abc.com
Caroline Dennis,5812648690,Caroline.Dennis@abc.com
Emanuel Pitts,5266696956,Emanuel.Pitts@abc.com
Nala Logan,7708148598,Nala.Logan@abc.com
Rocco Combs,3412187524,Rocco.Combs@abc.com
Irene Phelps,7404578758,Irene.Phelps@abc.com
Hamza Nichols,4774508852,Hamza.Nichols@abc.com
Aliyah Young,2713937347,Aliyah.Young@abc.com
Asher Woods,8668441596,Asher.Woods@abc.com
Reese Middleton,6017748664,Reese.Middleton@abc.com
Misael Savage,2925298320,Misael.Savage@abc.com
Louise Bradshaw,6707287807,Louise.Bradshaw@abc.com
Emory Rush,2803819884,Emory.Rush@abc.com
Maleah Nielsen,2949387184,Maleah.Nielsen@abc.com
Tru McGee,6574310816,Tru.McGee@abc.com
Kayleigh Snyder,8239819646,Kayleigh.Snyder@abc.com
Thiago Blankenship,2397913456,Thiago.Blankenship@abc.com
Rosalee Vega,6978494304,Rosalee.Vega@abc.com
Aidan Roberts,6463532904,Aidan.Roberts@abc.com
Paisley O’Donnell,9722010492,Paisley.O’Donnell@abc.com
Lian Hartman,8497295368,Lian.Hartman@abc.com
Kennedi Chavez,4978204011,Kennedi.Chavez@abc.com
Ian Campos,4504821225,Ian.Campos@abc.com
Sutton Terrell,7025324299,Sutton.Terrell@abc.com
Jaxen Zhang,5119369664,Jaxen.Zhang@abc.com
Sarai Hardy,8248399161,Sarai.Hardy@abc.com
Jayceon Arias,6016792012,Jayceon.Arias@abc.com
Aleah Wagner,4773337167,Aleah.Wagner@abc.com
Enzo Morgan,8196809484,Enzo.Morgan@abc.com
Delilah Owen,7745143711,Delilah.Owen@abc.com
Cannon Jimenez,9839582559,Cannon.Jimenez@abc.com
Adeline Li,8129152351,Adeline.Li@abc.com
Jorge Summers,5144993147,Jorge.Summers@abc.com
Frankie McPherson,8472355083,Frankie.McPherson@abc.com
Foster Christian,6643913916,Foster.Christian@abc.com
Anahi Dillon,2084662202,Anahi.Dillon@abc.com
Alvin Wang,2267368772,Alvin.Wang@abc.com
Kailani Corona,4667793686,Kailani.Corona@abc.com
Darian Henson,8048047697,Darian.Henson@abc.com
Kinslee Castaneda,8055302609,Kinslee.Castaneda@abc.com
Collin Navarro,7664919192,Collin.Navarro@abc.com
Winter Arroyo,2046211973,Winter.Arroyo@abc.com
Alberto Webb,9409165593,Alberto.Webb@abc.com
Ariella Keller,4429863412,Ariella.Keller@abc.com
Nico Zamora,4266686862,Nico.Zamora@abc.com
Sierra York,2683373103,Sierra.York@abc.com
Leandro Newton,2769020996,Leandro.Newton@abc.com
Braelynn Stone,8354840697,Braelynn.Stone@abc.com
Finn Rosario,5758675771,Finn.Rosario@abc.com
Louisa Cline,8505016449,Louisa.Cline@abc.com
Cullen Stevenson,2765872158,Cullen.Stevenson@abc.com
Regina Pratt,7193259635,Regina.Pratt@abc.com
Rowen Petersen,7989316224,Rowen.Petersen@abc.com
Fernanda Zamora,9089243227,Fernanda.Zamora@abc.com
Quentin Jarvis,2234925952,Quentin.Jarvis@abc.com
Elisabeth Ware,7297769556,Elisabeth.Ware@abc.com
Tadeo Nava,3536873976,Tadeo.Nava@abc.com
Scout Espinoza,4979679511,Scout.Espinoza@abc.com
Dallas Barber,9083349602,Dallas.Barber@abc.com
Cassidy Parker,6029750778,Cassidy.Parker@abc.com
Caleb Cook,3414320310,Caleb.Cook@abc.com
Aaliyah Patton,6606666898,Aaliyah.Patton@abc.com
Moises Todd,9739103795,Moises.Todd@abc.com
Zariah Rivers,6609185968,Zariah.Rivers@abc.com
Bear Wilkerson,6819804459,Bear.Wilkerson@abc.com
Janiyah Glenn,4868633653,Janiyah.Glenn@abc.com
Zaid Davis,7377959881,Zaid.Davis@abc.com
Mia Sullivan,8627649689,Mia.Sullivan@abc.com
Evan Schmitt,6906333422,Evan.Schmitt@abc.com
Queen Preston,3085604492,Queen.Preston@abc.com
Vincenzo Cooper,5463937528,Vincenzo.Cooper@abc.com
Serenity Perry,9402099495,Serenity.Perry@abc.com
Waylon McKenzie,3858029942,Waylon.McKenzie@abc.com
Briar Ponce,7326682816,Briar.Ponce@abc.com
Langston Hull,9263460440,Langston.Hull@abc.com
Andi Reilly,7285969046,Andi.Reilly@abc.com
Alvaro Shields,3164922412,Alvaro.Shields@abc.com
Analia Costa,6393115510,Analia.Costa@abc.com
Kenji Lopez,3653256636,Kenji.Lopez@abc.com
Gianna Allen,4754606054,Gianna.Allen@abc.com
Carter Rhodes,5785169821,Carter.Rhodes@abc.com
Tatum Blake,3365280610,Tatum.Blake@abc.com
Zyaire Maldonado,9507982929,Zyaire.Maldonado@abc.com
Elaina McIntyre,3197468924,Elaina.McIntyre@abc.com
Eliseo Patton,9256311400,Eliseo.Patton@abc.com
Lorelei Harrington,2252190777,Lorelei.Harrington@abc.com
Omari Blankenship,4836277446,Omari.Blankenship@abc.com
Rosalee Harrison,2873525016,Rosalee.Harrison@abc.com
Gavin Escobar,5424763065,Gavin.Escobar@abc.com
Erin Coleman,3666573452,Erin.Coleman@abc.com
Micah Gomez,4466455730,Micah.Gomez@abc.com
Natalie Case,5887920767,Natalie.Case@abc.com
Bentlee Kramer,4457771334,Bentlee.Kramer@abc.com
Hanna McCann,3429338893,Hanna.McCann@abc.com
Heath Yu,3015030595,Heath.Yu@abc.com
Navy Conway,6192821893,Navy.Conway@abc.com
Orlando Murphy,2113687799,Orlando.Murphy@abc.com
Bella Bravo,6645253504,Bella.Bravo@abc.com
Genesis Davidson,5272357123,Genesis.Davidson@abc.com
Jayla Ayers,7736449915,Jayla.Ayers@abc.com
Ulises Hinton,6949343062,Ulises.Hinton@abc.com
Jaelynn Gibson,9895569290,Jaelynn.Gibson@abc.com
Tyler Barnes,9184929011,Tyler.Barnes@abc.com
Liliana Dickerson,3239640096,Liliana.Dickerson@abc.com
Flynn Hodge,4307495369,Flynn.Hodge@abc.com
Coraline Lowery,4484760678,Coraline.Lowery@abc.com
Jaxxon Livingston,9328708754,Jaxxon.Livingston@abc.com
Milena Stafford,2715860522,Milena.Stafford@abc.com
Alfredo Chavez,4137406564,Alfredo.Chavez@abc.com
Nevaeh Rhodes,9587803741,Nevaeh.Rhodes@abc.com
Titus Ford,7516860213,Titus.Ford@abc.com
Alexandra Taylor,4509492335,Alexandra.Taylor@abc.com
Jackson Martin,3797185567,Jackson.Martin@abc.com
Mila Boyle,9876904506,Mila.Boyle@abc.com
Robin Ellis,3668886509,Robin.Ellis@abc.com
Ayla Shannon,4292449954,Ayla.Shannon@abc.com
Eliel English,4577775808,Eliel.English@abc.com
Kelly Clarke,4443380442,Kelly.Clarke@abc.com
Stetson Miller,9725701103,Stetson.Miller@abc.com
Isabella Clayton,6107035307,Isabella.Clayton@abc.com
Boston Gross,5786146927,Boston.Gross@abc.com
Angel Powers,6343009663,Angel.Powers@abc.com
Sean Berg,4377333998,Sean.Berg@abc.com
Emmalyn Hendrix,6923905843,Emmalyn.Hendrix@abc.com
Korbyn Glenn,2135633567,Korbyn.Glenn@abc.com
Blaire Rosario,5316505608,Blaire.Rosario@abc.com
Jedidiah Barber,6013226354,Jedidiah.Barber@abc.com
Cassidy Portillo,9495012178,Cassidy.Portillo@abc.com
Wallace Bonilla,5209525720,Wallace.Bonilla@abc.com
Romina Dawson,6527523245,Romina.Dawson@abc.com
Iker Parsons,9209029497,Iker.Parsons@abc.com
Maia Escobar,6042980709,Maia.Escobar@abc.com
Zachariah Robinson,5684056664,Zachariah.Robinson@abc.com
Nora McConnell,7385557478,Nora.McConnell@abc.com
London Spence,8715386237,London.Spence@abc.com
Aislinn Cardenas,9137687140,Aislinn.Cardenas@abc.com
Johnathan Camacho,9999435397,Johnathan.Camacho@abc.com
Armani Stout,9412211474,Armani.Stout@abc.com
Callahan Benson,2372371527,Callahan.Benson@abc.com
Collins Figueroa,2857996943,Collins.Figueroa@abc.com
Spencer McKinney,4544305382,Spencer.McKinney@abc.com
Gwendolyn Bender,6389373397,Gwendolyn.Bender@abc.com
Zavier Fletcher,8233047128,Zavier.Fletcher@abc.com
Anaya Meyer,6928450356,Anaya.Meyer@abc.com
Tristan Dickson,4754758369,Tristan.Dickson@abc.com
Emmalynn Zimmerman,7398599463,Emmalynn.Zimmerman@abc.com
Sergio Middleton,7199205232,Sergio.Middleton@abc.com
Madalyn Dalton,2847634595,Madalyn.Dalton@abc.com
Fletcher Rojas,6513599240,Fletcher.Rojas@abc.com
Adaline Andersen,6949376346,Adaline.Andersen@abc.com
Alistair Ferguson,2466774016,Alistair.Ferguson@abc.com
Juliana Delacruz,3134297361,Juliana.Delacruz@abc.com
Memphis May,9766633556,Memphis.May@abc.com
Adriana Floyd,5514787051,Adriana.Floyd@abc.com
Pierce Wang,5334414493,Pierce.Wang@abc.com
Kailani Cisneros,8414479658,Kailani.Cisneros@abc.com
Alden Velasquez,3722319270,Alden.Velasquez@abc.com
Esme Medina,9806843747,Esme.Medina@abc.com
George Orr,6577905636,George.Orr@abc.com
Alaiya Combs,6978277637,Alaiya.Combs@abc.com
Ahmad Hodge,9447964719,Ahmad.Hodge@abc.com
Coraline McIntyre,7476029992,Coraline.McIntyre@abc.com
Eliseo Burns,6676329827,Eliseo.Burns@abc.com
Emerson Hess,7796525713,Emerson.Hess@abc.com
Lawrence Richard,9876127685,Lawrence.Richard@abc.com
Davina Kelly,2416711048,Davina.Kelly@abc.com
Cooper Xiong,2482069881,Cooper.Xiong@abc.com
Amayah Chung,6886960618,Amayah.Chung@abc.com
Ira Brandt,7289252074,Ira.Brandt@abc.com
Loretta Baldwin,9994750175,Loretta.Baldwin@abc.com
Jaiden Wang,2852955439,Jaiden.Wang@abc.com
Kailani Ross,7356148908,Kailani.Ross@abc.com
Wesley Green,4867683157,Wesley.Green@abc.com
Zoe Strong,8403339442,Zoe.Strong@abc.com
Axl Miles,2638612816,Axl.Miles@abc.com
Alessandra Baldwin,5993382047,Alessandra.Baldwin@abc.com
Jaiden Roy,9365542936,Jaiden.Roy@abc.com
Savanna Corona,8988154209,Savanna.Corona@abc.com
Darian Carpenter,7478777433,Darian.Carpenter@abc.com
Lilly Douglas,5359801119,Lilly.Douglas@abc.com
Derek Lester,7588332164,Derek.Lester@abc.com
Averi Campos,4194530137,Averi.Campos@abc.com
Gideon Valenzuela,6379710552,Gideon.Valenzuela@abc.com
Henley Evans,2377795823,Henley.Evans@abc.com
Elias Bullock,9372651707,Elias.Bullock@abc.com
Winnie Herrera,6219491660,Winnie.Herrera@abc.com
River Blair,9132710028,River.Blair@abc.com
Frances Rosales,7744601200,Frances.Rosales@abc.com
Wilder Hubbard,8549904057,Wilder.Hubbard@abc.com
Rosie Palacios,3559747627,Rosie.Palacios@abc.com
Thaddeus Costa,3564312481,Thaddeus.Costa@abc.com
Robin Nunez,5042507279,Robin.Nunez@abc.com
Caden Gregory,8958148525,Caden.Gregory@abc.com
Alaya Lara,7899693997,Alaya.Lara@abc.com
Caiden McIntosh,3158625414,Caiden.McIntosh@abc.com
Gwen Benjamin,5407598275,Gwen.Benjamin@abc.com
Kyro Montgomery,2993860246,Kyro.Montgomery@abc.com
Evangeline Curtis,4622395843,Evangeline.Curtis@abc.com
Muhammad Parra,7657004133,Muhammad.Parra@abc.com
Dalary Reed,2814043450,Dalary.Reed@abc.com
Easton Sharp,4142598581,Easton.Sharp@abc.com
Camryn McGee,4233759503,Camryn.McGee@abc.com
Conner O’Donnell,2344762877,Conner.O’Donnell@abc.com
Bellamy Clarke,4697403684,Bellamy.Clarke@abc.com
Stetson Good,7873293880,Stetson.Good@abc.com
Nathalia Wilkinson,9558948438,Nathalia.Wilkinson@abc.com
Leonard Hickman,6103783763,Leonard.Hickman@abc.com
Scarlette Friedman,9239716608,Scarlette.Friedman@abc.com
Darwin Parks,8603038111,Darwin.Parks@abc.com
Ainsley Chambers,9714018883,Ainsley.Chambers@abc.com
Orion Golden,4313966601,Orion.Golden@abc.com
Giuliana Jenkins,2229044937,Giuliana.Jenkins@abc.com
Declan Herman,8024382757,Declan.Herman@abc.com
Paulina Zimmerman,5167298459,Paulina.Zimmerman@abc.com
Sergio Morris,3765371516,Sergio.Morris@abc.com
Genesis Blackburn,8803694052,Genesis.Blackburn@abc.com
Zahir Choi,5135475392,Zahir.Choi@abc.com
Karla Richmond,5648692444,Karla.Richmond@abc.com
Mordechai Hull,2536081880,Mordechai.Hull@abc.com
Andi Wall,7946669827,Andi.Wall@abc.com
Issac Valenzuela,3833165288,Issac.Valenzuela@abc.com
Henley Gilmore,9329148951,Henley.Gilmore@abc.com
Vihaan Anthony,5603170857,Vihaan.Anthony@abc.com
Macy Fleming,9327419211,Macy.Fleming@abc.com
Fernando Jaramillo,4974189925,Fernando.Jaramillo@abc.com
Guadalupe Wilcox,8903993570,Guadalupe.Wilcox@abc.com
Jerry Frost,3824007313,Jerry.Frost@abc.com
Paula Carter,2363506864,Paula.Carter@abc.com
Maverick Owens,6428767204,Maverick.Owens@abc.com
Amaya Santos,4489803452,Amaya.Santos@abc.com
Walker Carroll,8343801562,Walker.Carroll@abc.com
Zara Bautista,2219969547,Zara.Bautista@abc.com
Raul Huang,4244090890,Raul.Huang@abc.com
Francesca Sutton,2688092834,Francesca.Sutton@abc.com
Warren Hood,3784121145,Warren.Hood@abc.com
Briana Deleon,6408751100,Briana.Deleon@abc.com
Nasir Vo,3382170261,Nasir.Vo@abc.com
Artemis Schmidt,5013229847,Artemis.Schmidt@abc.com
Zayden Cano,7733149011,Zayden.Cano@abc.com
Egypt Sierra,9968956883,Egypt.Sierra@abc.com
Dayton Rubio,8086360190,Dayton.Rubio@abc.com
